iso3,surface_form,form_type,match_form,n_tokens
AFG,Affghanistan,alias,affghanistan,1
AFG,Affghanisthan,alias,affghanisthan,1
AFG,Affghaunistan,alias,affghaunistan,1
AFG,Afghania,alias,afghania,1
AFG,Afghanisthan,alias,afghanisthan,1
AFG,Afghaunistan,alias,afghaunistan,1
AFG,Afghaunistaun,alias,afghaunistaun,1
AFG,Afghan,demonym,afghan,1
AFG,Afghanistan,name,afghanistan,1
AGO,Ngola,alias,ngola,1
AGO,Republic of Angola,alias,republic of angola,3
AGO,Angolan,demonym,angolan,1
AGO,Angola,name,angola,1
ALB,Republic of Albania,alias,republic of albania,3
ALB,Shqipërisë,alias,shqipërisë,1
ALB,Albanian,demonym,albanian,1
ALB,Albanians,demonym,albanians,1
ALB,Albania,name,albania,1
AND,Principality of Andorra,alias,principality of andorra,3
AND,Andorran,demonym,andorran,1
AND,Andorra,name,andorra,1
ARE,U.A.E.,alias,u.a.e.,1
ARE,Emirati,demonym,emirati,1
ARE,Emiri,demonym,emiri,1
ARE,Emirian,demonym,emirian,1
ARE,United Arab Emirates,name,united arab emirates,3
ARG,Argentine Republic,alias,argentine republic,2
ARG,Republic of Argentina,alias,republic of argentina,3
ARG,Republica Argentina,alias,republica argentina,2
ARG,Argentine,demonym,argentine,1
ARG,Argentinian,demonym,argentinian,1
ARG,Argentina,name,argentina,1
ARM,Hayastan,alias,hayastan,1
ARM,Hayastani Hanrapetut’yun,alias,hayastani hanrapetut’yun,2
ARM,Republic of Armenia,alias,republic of armenia,3
ARM,Հայաստան,alias,հայաստան,1
ARM,Armenian,demonym,armenian,1
ARM,Armenia,name,armenia,1
ATG,Antigua & Barbuda,alias,antigua & barbuda,3
ATG,Antigua-Barbuda,alias,antigua-barbuda,2
ATG,Antigua–Barbuda,alias,antigua–barbuda,1
ATG,Antiguan,demonym,antiguan,1
ATG,Barbudan,demonym,barbudan,1
ATG,Antigua and Barbuda,name,antigua and barbuda,3
AUS,'Straya,alias,'straya,1
AUS,Aussieland,alias,aussieland,1
AUS,Commonwealth of Australia,alias,commonwealth of australia,3
AUS,Down Under,alias,down under,2
AUS,New Holland,alias,new holland,2
AUS,New Hollandia,alias,new hollandia,2
AUS,Nova Hollandia,alias,nova hollandia,2
AUS,Stralia,alias,stralia,1
AUS,Straya,alias,straya,1
AUS,Stria,alias,stria,1
AUS,Aussie,demonym,aussie,1
AUS,Aussies,demonym,aussies,1
AUS,Australian,demonym,australian,1
AUS,Australians,demonym,australians,1
AUS,Australia,name,australia,1
AUT,Republic of Austria,alias,republic of austria,3
AUT,Austrian,demonym,austrian,1
AUT,Austria,name,austria,1
AZE,Republic of Azerbaijan,alias,republic of azerbaijan,3
AZE,Azerbaijani,demonym,azerbaijani,1
AZE,Azerbaijanis,demonym,azerbaijanis,1
AZE,Azeri,demonym,azeri,1
AZE,Azeris,demonym,azeris,1
AZE,Azerbaijan,name,azerbaijan,1
BDI,Gouvernement du Burundi,alias,gouvernement du burundi,3
BDI,Republic of Burundi,alias,republic of burundi,3
BDI,Republika y'Uburundi,alias,republika y'uburundi,2
BDI,Burundian,demonym,burundian,1
BDI,Burundi,name,burundi,1
BEL,Kingdom of Belgium,alias,kingdom of belgium,3
BEL,Belgian,demonym,belgian,1
BEL,Belgium,name,belgium,1
BEN,Republic of Benin,alias,republic of benin,3
BEN,Beninese,demonym,beninese,1
BEN,Benin,name,benin,1
BFA,Burkinabe,demonym,burkinabe,1
BFA,Burkinabè,demonym,burkinabè,1
BFA,Burkinabé,demonym,burkinabé,1
BFA,Burkina Faso,name,burkina faso,2
BGD,Bangla Desh,alias,bangla desh,2
BGD,Country of Bengal,alias,country of bengal,3
BGD,Land of Bengal,alias,land of bengal,3
BGD,Bangladeshi,demonym,bangladeshi,1
BGD,Bangladesh,name,bangladesh,1
BGR,Bulgarian Republic,alias,bulgarian republic,2
BGR,Republic of Bulgaria,alias,republic of bulgaria,3
BGR,Bulgarian,demonym,bulgarian,1
BGR,Bulgaria,name,bulgaria,1
BHR,Bahrein Islands,alias,bahrein islands,2
BHR,Dawlat al-Bahrain,alias,dawlat al-bahrain,3
BHR,ISO 3166-1:BH,alias,iso 3166-1:bh,3
BHR,Kingdom of Bahrain,alias,kingdom of bahrain,3
BHR,Mamlakat al-Baḥrayn,alias,mamlakat al-baḥrayn,3
BHR,Bahraini,demonym,bahraini,1
BHR,Bahrain,name,bahrain,1
BHS,Bahama Islands,alias,bahama islands,2
BHS,"Bahamas, The",alias,"bahamas, the",2
BHS,Bahamian,demonym,bahamian,1
BHS,Bahamas,name,bahamas,1
BIH,Bosnia & Herzegovina,alias,bosnia & herzegovina,3
BIH,Bosnia and Hercegovina,alias,bosnia and hercegovina,3
BIH,Bosnia-Herzegovina,alias,bosnia-herzegovina,2
BIH,Bosnian,demonym,bosnian,1
BIH,Herzegovinian,demonym,herzegovinian,1
BIH,Bosnia and Herzegovina,name,bosnia and herzegovina,3
BLR,Belorussia,alias,belorussia,1
BLR,Bielaruś,alias,bielaruś,1
BLR,Bielorussia,alias,bielorussia,1
BLR,Byeloruss,alias,byeloruss,1
BLR,Byelorussia,alias,byelorussia,1
BLR,Republic of Belarus,alias,republic of belarus,3
BLR,Respublika Belarus',alias,respublika belarus',2
BLR,Respublika Bielaruś,alias,respublika bielaruś,2
BLR,White Russia,alias,white russia,2
BLR,White Ruthenia,alias,white ruthenia,2
BLR,Belarusian,demonym,belarusian,1
BLR,Belarus,name,belarus,1
BLZ,Belizean,demonym,belizean,1
BLZ,Belize,name,belize,1
BOL,Republic of Bolivia,alias,republic of bolivia,3
BOL,Bolivian,demonym,bolivian,1
BOL,Bolivia,name,bolivia,1
BRA,Brazilian,demonym,brazilian,1
BRA,Brazilians,demonym,brazilians,1
BRA,Brazil,name,brazil,1
BRB,Barbadoes,alias,barbadoes,1
BRB,Barbadian,demonym,barbadian,1
BRB,Barbados,name,barbados,1
BRN,Negara Brunei Darussalam,alias,negara brunei darussalam,3
BRN,Brunei,name,brunei,1
BTN,Kingdom of Bhutan,alias,kingdom of bhutan,3
BTN,Bhutanese,demonym,bhutanese,1
BTN,Bhutan,name,bhutan,1
BWA,Lefatshe la Botswana,alias,lefatshe la botswana,3
BWA,Republic of Botswana,alias,republic of botswana,3
BWA,Batswana,demonym,batswana,1
BWA,Botswanan,demonym,botswanan,1
BWA,Botswanans,demonym,botswanans,1
BWA,Motswana,demonym,motswana,1
BWA,Botswana,name,botswana,1
CAF,Central Africa,alias,central africa,2
CAF,Central African,demonym,central african,2
CAF,Central African Republic,name,central african republic,3
CAN,Canadian,demonym,canadian,1
CAN,Canadians,demonym,canadians,1
CAN,Canada,name,canada,1
CHE,Confoederatio Helvetica,alias,confoederatio helvetica,2
CHE,Swiss Confederation,alias,swiss confederation,2
CHE,Swiss,demonym,swiss,1
CHE,Switzerland,name,switzerland,1
CHL,Republic of Chile,alias,republic of chile,3
CHL,Chilean,demonym,chilean,1
CHL,Chile,name,chile,1
CHN,China PR,alias,china pr,2
CHN,Communist China,alias,communist china,2
CHN,P.R.C.,alias,p.r.c.,1
CHN,PR China,alias,pr china,2
CHN,Red China,alias,red china,2
CHN,Chinese,demonym,chinese,1
CIV,Cote d'Ivoire,alias,cote d'ivoire,2
CIV,Cote d'lvoire,alias,cote d'lvoire,2
CIV,Cote Ivoire,alias,cote ivoire,2
CIV,Cote-d'Ivoire,alias,cote-d'ivoire,2
CIV,Côte-d'Ivoire,alias,côte-d'ivoire,2
CIV,Ivoirian,demonym,ivoirian,1
CIV,Ivorian,demonym,ivorian,1
CIV,Ivory Coast,name,ivory coast,2
CMR,Republic of Cameroon,alias,republic of cameroon,3
CMR,Cameroonian,demonym,cameroonian,1
CMR,Cameroon,name,cameroon,1
COD,Congo (Kinshasa),alias,congo (kinshasa),2
COD,D.R.C.,alias,d.r.c.,1
COD,Dem. Rep. Congo,alias,dem. rep. congo,3
COD,DR Congo,alias,dr congo,2
COG,Congo,alias,congo,1
COG,Congo (Brazzaville),alias,congo (brazzaville),2
COG,Congo Republic,alias,congo republic,2
COG,Congo-Brazzaville,alias,congo-brazzaville,2
COG,Rep. Congo,alias,rep. congo,2
COG,Republic of Congo,alias,republic of congo,3
COG,Republique du Congo,alias,republique du congo,3
COG,République du Congo,alias,république du congo,3
COL,Colombiá,alias,colombiá,1
COL,Republic of Colombia,alias,republic of colombia,3
COL,Colombian,demonym,colombian,1
COL,Colombia,name,colombia,1
COM,Juzur al-Qamar,alias,juzur al-qamar,3
COM,Juzur al-Qumur,alias,juzur al-qumur,3
COM,Massiwa ya komori,alias,massiwa ya komori,3
COM,ouvoimoja wakomori,alias,ouvoimoja wakomori,2
COM,Udzima wa Komori,alias,udzima wa komori,3
COM,Union des Comores,alias,union des comores,3
COM,Comoran,demonym,comoran,1
COM,Comorans,demonym,comorans,1
COM,Comorian,demonym,comorian,1
COM,Comorians,demonym,comorians,1
COM,Comoros,name,comoros,1
CPV,Cape Verde Islands,alias,cape verde islands,3
CPV,Cabo Verdean,demonym,cabo verdean,2
CPV,Cape Verdean,demonym,cape verdean,2
CPV,Cape Verde,name,cape verde,2
CRI,Costa Rican,demonym,costa rican,2
CRI,Costa Ricans,demonym,costa ricans,2
CRI,Costa Rica,name,costa rica,2
CUB,Republic of Cuba,alias,republic of cuba,3
CUB,Cuban,demonym,cuban,1
CUB,Cuba,name,cuba,1
CYP,Greek Cypriot State,alias,greek cypriot state,3
CYP,Republic of Cyprus,alias,republic of cyprus,3
CYP,Cypriot,demonym,cypriot,1
CYP,Cyprus,name,cyprus,1
CZE,Czechia,alias,czechia,1
CZE,Czech,demonym,czech,1
CZE,Czechoslovakia,historical,czechoslovakia,1
CZE,Czech Republic,name,czech republic,2
DEU,German,demonym,german,1
DEU,East Germany,historical,east germany,2
DEU,West Germany,historical,west germany,2
DEU,Germany,name,germany,1
DJI,Gabuuti,alias,gabuuti,1
DJI,Jabuuti,alias,jabuuti,1
DJI,Jībūtī,alias,jībūtī,1
DJI,Republic of Djibouti,alias,republic of djibouti,3
DJI,Djiboutian,demonym,djiboutian,1
DJI,Djibouti,name,djibouti,1
DMA,Commonwealth of Dominica,alias,commonwealth of dominica,3
DMA,Island of Dominica,alias,island of dominica,3
DMA,Wai'tu kubuli,alias,wai'tu kubuli,2
DMA,Wai‘tu kubuli,alias,wai‘tu kubuli,2
DMA,Dominica,name,dominica,1
DOM,Dominicana,alias,dominicana,1
DOM,DomRep,alias,domrep,1
DOM,Republica Dominicana,alias,republica dominicana,2
DOM,República Dominicana,alias,república dominicana,2
DOM,Dominican Republic,name,dominican republic,2
DZA,Djazaïr,alias,djazaïr,1
DZA,Dzayer,alias,dzayer,1
DZA,Algerian,demonym,algerian,1
DZA,Algeria,name,algeria,1
ECU,Ecuadorian State,alias,ecuadorian state,2
ECU,Republic of Ecuador,alias,republic of ecuador,3
ECU,Republic of Equator,alias,republic of equator,3
ECU,Ecuadoran,demonym,ecuadoran,1
ECU,Ecuadorian,demonym,ecuadorian,1
ECU,Ecuador,name,ecuador,1
EGY,Arab Rep. Egypt,alias,arab rep. egypt,3
EGY,Misr,alias,misr,1
EGY,Rep. Egypt,alias,rep. egypt,2
EGY,Republic of Egypt,alias,republic of egypt,3
EGY,Egyptian,demonym,egyptian,1
EGY,Egypt,name,egypt,1
ERI,Ertrā,alias,ertrā,1
ERI,Iritriyā,alias,iritriyā,1
ERI,State of Eritrea,alias,state of eritrea,3
ERI,Eritrean,demonym,eritrean,1
ERI,Eritrea,name,eritrea,1
ESP,Kingdom of Spain,alias,kingdom of spain,3
ESP,Spaniard,demonym,spaniard,1
ESP,Spanish,demonym,spanish,1
ESP,Spain,name,spain,1
EST,Eesti Vabariik,alias,eesti vabariik,2
EST,Estland,alias,estland,1
EST,Republic of Estonia,alias,republic of estonia,3
EST,Estonian,demonym,estonian,1
EST,Estonia,name,estonia,1
ETH,Ethiopian,demonym,ethiopian,1
ETH,Ethiopia,name,ethiopia,1
FIN,Finnia,alias,finnia,1
FIN,Republic of Finland,alias,republic of finland,3
FIN,Republiken Finland,alias,republiken finland,2
FIN,Suomen tasavalta,alias,suomen tasavalta,2
FIN,Finn,demonym,finn,1
FIN,Finnish,demonym,finnish,1
FIN,Finland,name,finland,1
FJI,Fijī,alias,fijī,1
FJI,Fijī Gaṇarājya,alias,fijī gaṇarājya,2
FJI,Republic of Fiji,alias,republic of fiji,3
FJI,Viti,alias,viti,1
FJI,Fijian,demonym,fijian,1
FJI,Fiji,name,fiji,1
FRA,French Republic,alias,french republic,2
FRA,French,demonym,french,1
FRA,France,name,france,1
FSM,Fed. Sts. Micronesia,alias,fed. sts. micronesia,3
FSM,Micronesia,alias,micronesia,1
FSM,Micronesian,demonym,micronesian,1
GAB,Gabonese Republic,alias,gabonese republic,2
GAB,Republique Gabonaise,alias,republique gabonaise,2
GAB,République Gabonaise,alias,république gabonaise,2
GAB,Gabonese,demonym,gabonese,1
GAB,Gabon,name,gabon,1
GBR,Great Britain,alias,great britain,2
GBR,British,demonym,british,1
GBR,Briton,demonym,briton,1
GBR,United Kingdom,name,united kingdom,2
GEO,Georgia (country),alias,georgia (country),2
GEO,Georgia (Sakartvelo),alias,georgia (sakartvelo),2
GEO,Republic of Georgia,alias,republic of georgia,3
GEO,Sakartvelo,alias,sakartvelo,1
GEO,Georgian,demonym,georgian,1
GEO,Georgia,name,georgia,1
GHA,Ghanaian,demonym,ghanaian,1
GHA,Ghana,name,ghana,1
GIN,Guinea-Conakry,alias,guinea-conakry,2
GIN,Republic of Guinea,alias,republic of guinea,3
GIN,Guinean,demonym,guinean,1
GMB,Gambian,demonym,gambian,1
GMB,Gambia,name,gambia,1
GNB,Bissau-Guinean,demonym,bissau-guinean,2
GNB,Guinea-Bissauan,demonym,guinea-bissauan,2
GNB,Guinea-Bissau,name,guinea-bissau,2
GNQ,Equatoguinean,demonym,equatoguinean,1
GNQ,Equatorial Guinean,demonym,equatorial guinean,2
GNQ,Equatorial Guinea,name,equatorial guinea,2
GRC,Ellada,alias,ellada,1
GRC,Greek Republic,alias,greek republic,2
GRC,Hellas,alias,hellas,1
GRC,"Hellas, Greece",alias,"hellas, greece",2
GRC,Hellenic Republic,alias,hellenic republic,2
GRC,Greek,demonym,greek,1
GRC,Greece,name,greece,1
GRD,Grenadian,demonym,grenadian,1
GRD,Grenada,name,grenada,1
GTM,Republic of Guatemala,alias,republic of guatemala,3
GTM,Guatemalan,demonym,guatemalan,1
GTM,Guatemala,name,guatemala,1
GUY,Republic of Guyana,alias,republic of guyana,3
GUY,Guyanese,demonym,guyanese,1
GUY,Guyana,name,guyana,1
HND,Honduran Republic,alias,honduran republic,2
HND,Republic of Honduras,alias,republic of honduras,3
HND,Honduran,demonym,honduran,1
HND,Honduras,name,honduras,1
HRV,Republic of Croatia,alias,republic of croatia,3
HRV,Croatian,demonym,croatian,1
HRV,Croatia,name,croatia,1
HTI,Ayiti,alias,ayiti,1
HTI,Haitian Republic,alias,haitian republic,2
HTI,Hayti,alias,hayti,1
HTI,Republic of Haiti,alias,republic of haiti,3
HTI,Haitian,demonym,haitian,1
HTI,Haiti,name,haiti,1
HUN,Hungarian,demonym,hungarian,1
HUN,Hungary,name,hungary,1
IDN,Republic of Indonesia,alias,republic of indonesia,3
IDN,Indonesian,demonym,indonesian,1
IDN,Indonesia,name,indonesia,1
IND,Al Hind,alias,al hind,2
IND,Bharat Ganarajya,alias,bharat ganarajya,2
IND,Bharata,alias,bharata,1
IND,Bharatvarsh,alias,bharatvarsh,1
IND,Hindoostan,alias,hindoostan,1
IND,Hindustan,alias,hindustan,1
IND,Indostan,alias,indostan,1
IND,Republic of India,alias,republic of india,3
IND,Tenjiku,alias,tenjiku,1
IND,Tianzhu,alias,tianzhu,1
IND,Indian,demonym,indian,1
IND,India,name,india,1
IRL,Irish Republic,alias,irish republic,2
IRL,Republic of Ireland,alias,republic of ireland,3
IRL,Southern Ireland,alias,southern ireland,2
IRL,Irish,demonym,irish,1
IRL,Ireland,name,ireland,1
IRN,Islamic Rep. Iran,alias,islamic rep. iran,3
IRN,Iranian,demonym,iranian,1
IRN,Persian,demonym,persian,1
IRN,Iran,name,iran,1
IRQ,Republic of Iraq,alias,republic of iraq,3
IRQ,Iraqi,demonym,iraqi,1
IRQ,Iraq,name,iraq,1
ISL,Icelandic republic,alias,icelandic republic,2
ISL,Isl.,alias,isl.,1
ISL,Republic of Iceland,alias,republic of iceland,3
ISL,Ysland,alias,ysland,1
ISL,Iceland,name,iceland,1
ISR,State of Israel,alias,state of israel,3
ISR,Yisrael,alias,yisrael,1
ISR,Israeli,demonym,israeli,1
ISR,Israelis,demonym,israelis,1
ISR,Israel,name,israel,1
ITA,Italian Republic,alias,italian republic,2
ITA,Republic of Italy,alias,republic of italy,3
ITA,Italian,demonym,italian,1
ITA,Italy,name,italy,1
JAM,Commonwealth of Jamaica,alias,commonwealth of jamaica,3
JAM,Jamaican,demonym,jamaican,1
JAM,Jamaica,name,jamaica,1
JOR,Giordania,alias,giordania,1
JOR,ISO 3166-1:JO,alias,iso 3166-1:jo,3
JOR,Kingdom of Jordan,alias,kingdom of jordan,3
JOR,State of Jordan,alias,state of jordan,3
JOR,Yarden,alias,yarden,1
JOR,Jordanian,demonym,jordanian,1
JOR,Jordan,name,jordan,1
JPN,Iapan,alias,iapan,1
JPN,Iapon,alias,iapon,1
JPN,Nihon-koku,alias,nihon-koku,2
JPN,Nippon-koku,alias,nippon-koku,2
JPN,State of Japan,alias,state of japan,3
JPN,Japanese,demonym,japanese,1
JPN,Japan,name,japan,1
KAZ,Qazaqstan,alias,qazaqstan,1
KAZ,Republic of Kazakhstan,alias,republic of kazakhstan,3
KAZ,Republic of Qazaqstan,alias,republic of qazaqstan,3
KAZ,Kazakh,demonym,kazakh,1
KAZ,Kazakhstani,demonym,kazakhstani,1
KAZ,Kazakhstan,name,kazakhstan,1
KEN,Republic of Kenya,alias,republic of kenya,3
KEN,Kenyan,demonym,kenyan,1
KEN,Kenya,name,kenya,1
KGZ,Kyrgyz Republic,alias,kyrgyz republic,2
KGZ,Kyrgyz,demonym,kyrgyz,1
KGZ,Kyrgyzstani,demonym,kyrgyzstani,1
KGZ,Kyrgyzstan,name,kyrgyzstan,1
KHM,Camboya,alias,camboya,1
KHM,Campuchia,alias,campuchia,1
KHM,Kambodzha,alias,kambodzha,1
KHM,Kamboja,alias,kamboja,1
KHM,Kampuchea,alias,kampuchea,1
KHM,Kingdom of Cambodia,alias,kingdom of cambodia,3
KHM,Cambodian,demonym,cambodian,1
KHM,Cambodia,name,cambodia,1
KIR,Republic of Kiribati,alias,republic of kiribati,3
KIR,I-Kiribati,demonym,i-kiribati,2
KIR,Kiribati,name,kiribati,1
KNA,Kitts & Nevis,alias,kitts & nevis,3
KNA,Kitts and Nevis,alias,kitts and nevis,3
KNA,Kittitian,demonym,kittitian,1
KNA,Nevisian,demonym,nevisian,1
KOR,Choson,alias,choson,1
KOR,Daehan Minguk,alias,daehan minguk,2
KOR,Daehanminguk,alias,daehanminguk,1
KOR,Hanguk,alias,hanguk,1
KOR,Korea (South),alias,korea (south),2
KOR,Korea Republic,alias,korea republic,2
KOR,Rep. Korea,alias,rep. korea,2
KOR,Republic of Korea,alias,republic of korea,3
KOR,S. Korea,alias,s. korea,2
KOR,Silla,alias,silla,1
KOR,South Korean,demonym,south korean,2
KOR,South Korea,name,south korea,2
KWT,State of Kuwait,alias,state of kuwait,3
KWT,Kuwaiti,demonym,kuwaiti,1
KWT,Kuwait,name,kuwait,1
LAO,Lao PDR,alias,lao pdr,2
LAO,Laotian,demonym,laotian,1
LAO,Laotians,demonym,laotians,1
LAO,Laos,name,laos,1
LBN,Lebanese Republic,alias,lebanese republic,2
LBN,Lubnan,alias,lubnan,1
LBN,Republic of Lebanon,alias,republic of lebanon,3
LBN,State of Lebanon,alias,state of lebanon,3
LBN,Lebanese,demonym,lebanese,1
LBN,Lebanon,name,lebanon,1
LBR,Liber,alias,liber,1
LBR,Republic of Liberia,alias,republic of liberia,3
LBR,Liberian,demonym,liberian,1
LBR,Liberia,name,liberia,1
LBY,State of Libya,alias,state of libya,3
LBY,Libyan,demonym,libyan,1
LBY,Libya,name,libya,1
LCA,Hewanorra,alias,hewanorra,1
LCA,Iyonola,alias,iyonola,1
LCA,St Lucia,alias,st lucia,2
LCA,St. Lucia,alias,st. lucia,2
LCA,Saint Lucian,demonym,saint lucian,2
LCA,Saint Lucia,name,saint lucia,2
LIE,Principality of Liechtenstein,alias,principality of liechtenstein,3
LIE,Liechtensteiner,demonym,liechtensteiner,1
LIE,Liechtenstein,name,liechtenstein,1
LKA,Ceylan,alias,ceylan,1
LKA,"Lanka, Sri",alias,"lanka, sri",2
LKA,Serendib,alias,serendib,1
LKA,Srilanka,alias,srilanka,1
LKA,Taprobane,alias,taprobane,1
LKA,Sri Lankan,demonym,sri lankan,2
LKA,Sri Lanka,name,sri lanka,2
LSO,Kingdom of Lesotho,alias,kingdom of lesotho,3
LSO,Mountain Kingdom,alias,mountain kingdom,2
LSO,Basotho,demonym,basotho,1
LSO,Mosotho,demonym,mosotho,1
LSO,Lesotho,name,lesotho,1
LTU,Republic of Lithuania,alias,republic of lithuania,3
LTU,Lithuanian,demonym,lithuanian,1
LTU,Lithuania,name,lithuania,1
LUX,Luxembourgian,demonym,luxembourgian,1
LUX,Luxembourgish,demonym,luxembourgish,1
LUX,Luxembourg,name,luxembourg,1
LVA,Latveja,alias,latveja,1
LVA,Latvejas Republika,alias,latvejas republika,2
LVA,Latvian Republic,alias,latvian republic,2
LVA,Latvija,alias,latvija,1
LVA,Latvijas Republika,alias,latvijas republika,2
LVA,Leţmо̄,alias,leţmо̄,1
LVA,Leţmо̄ Vabāmо̄,alias,leţmо̄ vabāmо̄,2
LVA,Republic of Latvia,alias,republic of latvia,3
LVA,Latvian,demonym,latvian,1
LVA,Latvians,demonym,latvians,1
LVA,Latvia,name,latvia,1
MAR,al-Maġrib,alias,al-maġrib,2
MAR,Kingdom of Morocco,alias,kingdom of morocco,3
MAR,Lmaġrib,alias,lmaġrib,1
MAR,Maroc,alias,maroc,1
MAR,Marocco,alias,marocco,1
MAR,Moroccan,demonym,moroccan,1
MAR,Morocco,name,morocco,1
MCO,Fort-Hercule,alias,fort-hercule,2
MCO,Mùnegu,alias,mùnegu,1
MCO,Principality of Monaco,alias,principality of monaco,3
MCO,Principato di Monaco,alias,principato di monaco,3
MCO,Principatu de Mu̍negu,alias,principatu de mu̍negu,3
MCO,Principauté de Monaco,alias,principauté de monaco,3
MCO,Prinçipatu de Mùnegu,alias,prinçipatu de mùnegu,3
MCO,Monacan,demonym,monacan,1
MCO,Monegasque,demonym,monegasque,1
MCO,Monégasque,demonym,monégasque,1
MCO,Monaco,name,monaco,1
MDA,Moldavia,alias,moldavia,1
MDA,Republic of Moldova,alias,republic of moldova,3
MDA,Republica Moldova,alias,republica moldova,2
MDA,Moldavian,demonym,moldavian,1
MDA,Moldovan,demonym,moldovan,1
MDA,Moldova,name,moldova,1
MDG,Malagascar,alias,malagascar,1
MDG,Malagaskar,alias,malagaskar,1
MDG,Republic of Madagascar,alias,republic of madagascar,3
MDG,Malagasy,demonym,malagasy,1
MDG,Madagascar,name,madagascar,1
MDV,Republic of Maldives,alias,republic of maldives,3
MDV,Maldivian,demonym,maldivian,1
MDV,Maldives,name,maldives,1
MEX,Mexican Republic,alias,mexican republic,2
MEX,Mexican United States,alias,mexican united states,3
MEX,United Mexican States,alias,united mexican states,3
MEX,US of M,alias,us of m,3
MEX,Mexican,demonym,mexican,1
MEX,Mexicans,demonym,mexicans,1
MEX,Mexico,name,mexico,1
MHL,Marshallese,demonym,marshallese,1
MHL,Marshall Islands,name,marshall islands,2
MKD,FYR Macedonia,alias,fyr macedonia,2
MKD,Macedonia,alias,macedonia,1
MKD,Makedonia,alias,makedonia,1
MKD,Republic of Macedonia,alias,republic of macedonia,3
MKD,Macedonian,demonym,macedonian,1
MKD,North Macedonia,name,north macedonia,2
MLI,Republic of Mali,alias,republic of mali,3
MLI,Malian,demonym,malian,1
MLI,Mali,name,mali,1
MLT,Republic of Malta,alias,republic of malta,3
MLT,Maltese,demonym,maltese,1
MLT,Malta,name,malta,1
MMR,Union of Burma,alias,union of burma,3
MMR,Burmese,demonym,burmese,1
MMR,Myanma,demonym,myanma,1
MMR,Myanmar,name,myanmar,1
MNE,Republic of Montenegro,alias,republic of montenegro,3
MNE,Montenegrin,demonym,montenegrin,1
MNE,Montenegro,name,montenegro,1
MNG,Mongol State,alias,mongol state,2
MNG,State of Mongolia,alias,state of mongolia,3
MNG,Mongol,demonym,mongol,1
MNG,Mongolian,demonym,mongolian,1
MNG,Mongolia,name,mongolia,1
MOZ,Moçambique,alias,moçambique,1
MOZ,Republic of Mozambique,alias,republic of mozambique,3
MOZ,República de Moçambique,alias,república de moçambique,3
MOZ,Mozambican,demonym,mozambican,1
MOZ,Mozambique,name,mozambique,1
MRT,Agawej,alias,agawej,1
MRT,Gannaar,alias,gannaar,1
MRT,Gànnaar,alias,gànnaar,1
MRT,Mauretania,alias,mauretania,1
MRT,Moritani,alias,moritani,1
MRT,Muritanya,alias,muritanya,1
MRT,Murutaane,alias,murutaane,1
MRT,Mauritanian,demonym,mauritanian,1
MRT,Mauritania,name,mauritania,1
MUS,Maurice,alias,maurice,1
MUS,Moris,alias,moris,1
MUS,Republic of Mauritius,alias,republic of mauritius,3
MUS,Mauritian,demonym,mauritian,1
MUS,Mauritius,name,mauritius,1
MWI,Republic of Malawi,alias,republic of malawi,3
MWI,Malawian,demonym,malawian,1
MWI,Malawi,name,malawi,1
MYS,Federation of Malaysia,alias,federation of malaysia,3
MYS,Malaysia Federation,alias,malaysia federation,2
MYS,Malaysian,demonym,malaysian,1
MYS,Malaysia,name,malaysia,1
NAM,Republic of Namibia,alias,republic of namibia,3
NAM,Namibian,demonym,namibian,1
NAM,Namibia,name,namibia,1
NER,Republic Niger,alias,republic niger,2
NER,Republic of Niger,alias,republic of niger,3
NER,Nigerien,demonym,nigerien,1
NER,Niger,name,niger,1
NGA,Naija,alias,naija,1
NGA,Nigerian,demonym,nigerian,1
NGA,Nigerians,demonym,nigerians,1
NGA,Nigeria,name,nigeria,1
NIC,Republic of Nicaragua,alias,republic of nicaragua,3
NIC,Nicaraguan,demonym,nicaraguan,1
NIC,Nicaragua,name,nicaragua,1
NLD,Kingdom of Netherlands,alias,kingdom of netherlands,3
NLD,Nederlanden,alias,nederlanden,1
NLD,Netherlands,alias,netherlands,1
NLD,Dutch,demonym,dutch,1
NOR,Kingdom of Norway,alias,kingdom of norway,3
NOR,Norwegian,demonym,norwegian,1
NOR,Norway,name,norway,1
NPL,Bal-bo,alias,bal-bo,2
NPL,Bal-po'i yul,alias,bal-po'i yul,3
NPL,Bal-yul,alias,bal-yul,2
NPL,Balbo,alias,balbo,1
NPL,Balpo,alias,balpo,1
NPL,Balpo-yul,alias,balpo-yul,2
NPL,Naipala,alias,naipala,1
NPL,Naipál,alias,naipál,1
NPL,Naipála,alias,naipála,1
NPL,Ne-pel,alias,ne-pel,2
NPL,Necbal,alias,necbal,1
NPL,Nehpal,alias,nehpal,1
NPL,Nei-pal,alias,nei-pal,2
NPL,Nekbal,alias,nekbal,1
NPL,Nekpal,alias,nekpal,1
NPL,Nepall,alias,nepall,1
NPL,Nepaul,alias,nepaul,1
NPL,Nepál,alias,nepál,1
NPL,Nercerri,alias,nercerri,1
NPL,Ni-po-lo,alias,ni-po-lo,3
NPL,Ni-po-louo,alias,ni-po-louo,3
NPL,Niepal,alias,niepal,1
NPL,Nipal,alias,nipal,1
NPL,Népaal,alias,népaal,1
NPL,Népál,alias,népál,1
NPL,Pa-eul-pou,alias,pa-eul-pou,3
NPL,Pa-le-pou,alias,pa-le-pou,3
NPL,Pa-lo-pou,alias,pa-lo-pou,3
NPL,Pai-pou,alias,pai-pou,2
NPL,Palpa,alias,palpa,1
NPL,Palpou,alias,palpou,1
NPL,Paï-pou,alias,paï-pou,2
NPL,Nepalese,demonym,nepalese,1
NPL,Nepali,demonym,nepali,1
NPL,Nepal,name,nepal,1
NRU,Naoero,alias,naoero,1
NRU,Pleasant Island,alias,pleasant island,2
NRU,Republic of Naoero,alias,republic of naoero,3
NRU,Republic of Nauru,alias,republic of nauru,3
NRU,Nauruan,demonym,nauruan,1
NRU,Nauru,name,nauru,1
NZL,Aotearoa New Zealand,alias,aotearoa new zealand,3
NZL,New Zealander,demonym,new zealander,2
NZL,New Zealand,name,new zealand,2
OMN,Sultanate of Oman,alias,sultanate of oman,3
OMN,Uman,alias,uman,1
OMN,Omani,demonym,omani,1
OMN,Oman,name,oman,1
PAK,Hồi Quốc,alias,hồi quốc,2
PAK,Republic of Pakistan,alias,republic of pakistan,3
PAK,Tây Hồi,alias,tây hồi,2
PAK,Pakistani,demonym,pakistani,1
PAK,Pakistan,name,pakistan,1
PAN,Republic of Panama,alias,republic of panama,3
PAN,Panamanian,demonym,panamanian,1
PAN,Panama,name,panama,1
PER,Republic of Peru,alias,republic of peru,3
PER,Republica del Peru,alias,republica del peru,3
PER,Peruvian,demonym,peruvian,1
PER,Peru,name,peru,1
PHL,Philippine Islands,alias,philippine islands,2
PHL,Filipina,demonym,filipina,1
PHL,Filipino,demonym,filipino,1
PHL,Philippine,demonym,philippine,1
PHL,Philippines,name,philippines,1
PLW,Belau,alias,belau,1
PLW,Peeloo,alias,peeloo,1
PLW,Pelew,alias,pelew,1
PLW,Pelew islands,alias,pelew islands,2
PLW,Pellew,alias,pellew,1
PLW,Republic of Belau,alias,republic of belau,3
PLW,Republic of Palau,alias,republic of palau,3
PLW,Palauan,demonym,palauan,1
PLW,Palau,name,palau,1
PNG,Papua New Guinean,demonym,papua new guinean,3
PNG,Papua New Guinea,name,papua new guinea,3
POL,Republic of Poland,alias,republic of poland,3
POL,Polish,demonym,polish,1
POL,Poland,name,poland,1
PRK,DPR Korea,alias,dpr korea,2
PRK,DPRK,alias,dprk,1
PRK,N. Korea,alias,n. korea,2
PRK,North Korean,demonym,north korean,2
PRK,North Korea,name,north korea,2
PRT,Portuguese Republic,alias,portuguese republic,2
PRT,Portuguese,demonym,portuguese,1
PRT,Portugal,name,portugal,1
PRY,Republic of Paraguay,alias,republic of paraguay,3
PRY,Paraguayan,demonym,paraguayan,1
PRY,Paraguay,name,paraguay,1
PSE,Palestinian Authority,alias,palestinian authority,2
PSE,Palestinian National Authority,alias,palestinian national authority,3
PSE,State of Palestine,alias,state of palestine,3
PSE,Palestinian,demonym,palestinian,1
PSE,Palestine,name,palestine,1
QAT,State of Qatar,alias,state of qatar,3
QAT,Qatari,demonym,qatari,1
QAT,Qatar,name,qatar,1
ROU,Roumania,alias,roumania,1
ROU,Rumania,alias,rumania,1
ROU,Romanian,demonym,romanian,1
ROU,Romania,name,romania,1
RUS,Russian Federation,alias,russian federation,2
RUS,Russian,demonym,russian,1
RUS,Soviet Union,historical,soviet union,2
RUS,USSR,historical,ussr,1
RUS,Russia,name,russia,1
RWA,Republic of Rwanda,alias,republic of rwanda,3
RWA,Rwandan,demonym,rwandan,1
RWA,Rwandese,demonym,rwandese,1
RWA,Rwanda,name,rwanda,1
SAU,Saudi,alias,saudi,1
SAU,Saudi Arabia,name,saudi arabia,2
SDN,al-Sudan,alias,al-sudan,2
SDN,as-Sudan,alias,as-sudan,2
SDN,as-Sūdān,alias,as-sūdān,2
SDN,North Sudan,alias,north sudan,2
SDN,Republic of Sudan,alias,republic of sudan,3
SDN,Soudan,alias,soudan,1
SDN,Sudanese,demonym,sudanese,1
SDN,Sudan,name,sudan,1
SEN,Republic of Senegal,alias,republic of senegal,3
SEN,Senegalese,demonym,senegalese,1
SEN,Senegal,name,senegal,1
SGP,Garden City,alias,garden city,2
SGP,Lion City,alias,lion city,2
SGP,Republic of Singapore,alias,republic of singapore,3
SGP,S'pore,alias,s'pore,1
SGP,Singapore City,alias,singapore city,2
SGP,Singaporean,demonym,singaporean,1
SGP,Singapore,name,singapore,1
SLB,Solomon Islander,demonym,solomon islander,2
SLB,Solomon Islands,name,solomon islands,2
SLE,Sierra Leonean,demonym,sierra leonean,2
SLE,Sierra Leone,name,sierra leone,2
SLV,Salvador,alias,salvador,1
SLV,Salvadoran,demonym,salvadoran,1
SLV,El Salvador,name,el salvador,2
SMR,Sammarinese,demonym,sammarinese,1
SMR,San Marino,name,san marino,2
SOM,Somali,demonym,somali,1
SOM,Somalian,demonym,somalian,1
SOM,Somalia,name,somalia,1
SRB,Republic of Serbia,alias,republic of serbia,3
SRB,Serbian,demonym,serbian,1
SRB,Yugoslavia,historical,yugoslavia,1
SRB,Yugoslavian,historical,yugoslavian,1
SRB,Serbia,name,serbia,1
SSD,Southern Sudan,alias,southern sudan,2
SSD,South Sudanese,demonym,south sudanese,2
SSD,South Sudan,name,south sudan,2
STP,Santomean,demonym,santomean,1
STP,Sao Tomean,demonym,sao tomean,2
STP,Sao Tomeans,demonym,sao tomeans,2
STP,São Toméan,demonym,são toméan,2
STP,São Toméans,demonym,são toméans,2
SUR,Dutch Guiana,alias,dutch guiana,2
SUR,Republic of Surinam,alias,republic of surinam,3
SUR,Republic of Suriname,alias,republic of suriname,3
SUR,Surinam,alias,surinam,1
SUR,Surrinam,alias,surrinam,1
SUR,Surinamese,demonym,surinamese,1
SUR,Suriname,name,suriname,1
SVK,Slovak Republic,alias,slovak republic,2
SVK,Slovak,demonym,slovak,1
SVK,Slovakia,name,slovakia,1
SVN,Republic of Slovenia,alias,republic of slovenia,3
SVN,Slovenija,alias,slovenija,1
SVN,Slovene,demonym,slovene,1
SVN,Slovenian,demonym,slovenian,1
SVN,Slovenia,name,slovenia,1
SWE,Kingdom of Sweden,alias,kingdom of sweden,3
SWE,Swedish Kingdom,alias,swedish kingdom,2
SWE,Swedish,demonym,swedish,1
SWE,Sweden,name,sweden,1
SWZ,Kingdom of Eswatini,alias,kingdom of eswatini,3
SWZ,Kingdom of Swaziland,alias,kingdom of swaziland,3
SWZ,Swaziland,alias,swaziland,1
SWZ,Umbuso weSwatini,alias,umbuso weswatini,2
SWZ,emaSwati,demonym,emaswati,1
SWZ,liSwati,demonym,liswati,1
SWZ,Swazi,demonym,swazi,1
SWZ,Swazis,demonym,swazis,1
SWZ,Eswatini,name,eswatini,1
SYC,Republic of Seychelles,alias,republic of seychelles,3
SYC,Seychellois,demonym,seychellois,1
SYC,Seychelloise,demonym,seychelloise,1
SYC,Seychelles,name,seychelles,1
SYR,Surya,alias,surya,1
SYR,Syrian Arab Republic,alias,syrian arab republic,3
SYR,Syrian,demonym,syrian,1
SYR,Syria,name,syria,1
TCD,Republic of Chad,alias,republic of chad,3
TCD,Chadian,demonym,chadian,1
TCD,Chad,name,chad,1
TGO,Togolese Republic,alias,togolese republic,2
TGO,Togolese,demonym,togolese,1
TGO,Togo,name,togo,1
THA,Kingdom of Siam,alias,kingdom of siam,3
THA,Kingdom of Thailand,alias,kingdom of thailand,3
THA,Prathet Thai,alias,prathet thai,2
THA,Ratcha-anachak Thai,alias,ratcha-anachak thai,3
THA,Thai,demonym,thai,1
THA,Thailand,name,thailand,1
TJK,Republic of Tajikistan,alias,republic of tajikistan,3
TJK,Tajikistani,demonym,tajikistani,1
TJK,Tajikistan,name,tajikistan,1
TKM,Turkmenia,alias,turkmenia,1
TKM,Turkmen,demonym,turkmen,1
TKM,Turkmenistani,demonym,turkmenistani,1
TKM,Turkmenistan,name,turkmenistan,1
TLS,East Timor,alias,east timor,2
TLS,East Timorese,demonym,east timorese,2
TLS,Timor-Leste,name,timor-leste,2
TON,Friendly Islands,alias,friendly islands,2
TON,Kingdom of Tonga,alias,kingdom of tonga,3
TON,Tonga Islands,alias,tonga islands,2
TON,Tongan,demonym,tongan,1
TON,Tonga,name,tonga,1
TTO,Trinidad & Tobago,alias,trinidad & tobago,3
TTO,Trinidadian,demonym,trinidadian,1
TTO,Trinidad and Tobago,name,trinidad and tobago,3
TUN,Republic of Tunisia,alias,republic of tunisia,3
TUN,Tunisian Republic,alias,tunisian republic,2
TUN,Tunisian,demonym,tunisian,1
TUN,Tunisia,name,tunisia,1
TUR,Republic of Turkey,alias,republic of turkey,3
TUR,Republic of Türkiye,alias,republic of türkiye,3
TUR,Turkish,demonym,turkish,1
TUR,Turkey,name,turkey,1
TUV,Ellice Islands,alias,ellice islands,2
TUV,Tuvaluan,demonym,tuvaluan,1
TUV,Tuvalu,name,tuvalu,1
TWN,"China, Republic of",alias,"china, republic of",3
TWN,Chinese Republic,alias,chinese republic,2
TWN,Chinese Taipei,alias,chinese taipei,2
TWN,Chunghwa Minkuo,alias,chunghwa minkuo,2
TWN,Chunghwa Minkwo,alias,chunghwa minkwo,2
TWN,Free China,alias,free china,2
TWN,Nationalist China,alias,nationalist china,2
TWN,Republic of China,alias,republic of china,3
TWN,Taiwan ROC,alias,taiwan roc,2
TWN,Taiwanese,demonym,taiwanese,1
TWN,Taiwan,name,taiwan,1
TZA,Tanzanian,demonym,tanzanian,1
TZA,Tanzania,name,tanzania,1
UGA,+256,alias,+256,1
UGA,Ouganda,alias,ouganda,1
UGA,Pearl of Africa,alias,pearl of africa,3
UGA,Republic of Uganda,alias,republic of uganda,3
UGA,Ugandah,alias,ugandah,1
UGA,Ugandan,demonym,ugandan,1
UGA,Uganda,name,uganda,1
UKR,Ukr.,alias,ukr.,1
UKR,Ukraina,alias,ukraina,1
UKR,Ukrainia,alias,ukrainia,1
UKR,Ukraïna,alias,ukraïna,1
URY,Uruguayan,demonym,uruguayan,1
URY,Uruguay,name,uruguay,1
USA,Merica,alias,merica,1
USA,Murica,alias,murica,1
USA,U. S.,alias,u. s.,2
USA,U. S. A.,alias,u. s. a.,3
USA,U.S.,alias,u.s.,1
USA,U.S. of A,alias,u.s. of a,3
USA,U.S. of America,alias,u.s. of america,3
USA,U.S.A.,alias,u.s.a.,1
USA,US of A,alias,us of a,3
USA,US of America,alias,us of america,3
USA,Americans,demonym,americans,1
USA,United States,name,united states,2
UZB,Republic of Uzbekistan,alias,republic of uzbekistan,3
UZB,Uzbek,demonym,uzbek,1
UZB,Uzbekistani,demonym,uzbekistani,1
UZB,Uzbekistan,name,uzbekistan,1
VAT,Città del Vaticano,alias,città del vaticano,3
VAT,Holy See,alias,holy see,2
VAT,Papal State,alias,papal state,2
VAT,Status Civitatis Vaticanae,alias,status civitatis vaticanae,3
VAT,Vatican City State,alias,vatican city state,3
VAT,Vatican,demonym,vatican,1
VAT,Vatican City,name,vatican city,2
VCT,Saint Vincent,alias,saint vincent,2
VCT,St Vincent,alias,st vincent,2
VCT,St. Vincent,alias,st. vincent,2
VCT,Saint Vincentian,demonym,saint vincentian,2
VCT,Saint Vincentians,demonym,saint vincentians,2
VCT,Vincentian,demonym,vincentian,1
VCT,Vincentians,demonym,vincentians,1
VCT,Vincy,demonym,vincy,1
VEN,BR Venezuela,alias,br venezuela,2
VEN,Republic of Venezuela,alias,republic of venezuela,3
VEN,Venezuelan,demonym,venezuelan,1
VEN,Venezuelans,demonym,venezuelans,1
VEN,Venezuela,name,venezuela,1
VNM,Viet Nam,alias,viet nam,2
VNM,Việt Nam,alias,việt nam,2
VNM,Vietnamese,demonym,vietnamese,1
VNM,Vietnam,name,vietnam,1
VUT,Republic of Vanuatu,alias,republic of vanuatu,3
VUT,Ni-Vanuatu,demonym,ni-vanuatu,2
VUT,Vanuatuan,demonym,vanuatuan,1
VUT,Vanuatuans,demonym,vanuatuans,1
VUT,Vanuatu,name,vanuatu,1
WSM,Western Samoa,alias,western samoa,2
WSM,Samoan,demonym,samoan,1
WSM,Samoa,name,samoa,1
XKS,Kosova,alias,kosova,1
XKS,Republic of Kosovo,alias,republic of kosovo,3
XKS,Kosovan,demonym,kosovan,1
XKS,Kosovar,demonym,kosovar,1
XKS,Kosovo,name,kosovo,1
YEM,Rep. Yemen,alias,rep. yemen,2
YEM,Republic of Yemen,alias,republic of yemen,3
YEM,Yemeni,demonym,yemeni,1
YEM,Yemen,name,yemen,1
ZAF,R.S.A.,alias,r.s.a.,1
ZAF,South African,demonym,south african,2
ZAF,South Africa,name,south africa,2
ZMB,Republic of Zambia,alias,republic of zambia,3
ZMB,Zambian,demonym,zambian,1
ZMB,Zambians,demonym,zambians,1
ZMB,Zambia,name,zambia,1
ZWE,Republic of Zimbabwe,alias,republic of zimbabwe,3
ZWE,Rhodesia,alias,rhodesia,1
ZWE,Southern Rhodesia,alias,southern rhodesia,2
ZWE,Zimbabwe Rhodesia,alias,zimbabwe rhodesia,2
ZWE,Zimbabwean,demonym,zimbabwean,1
ZWE,Zimbabweans,demonym,zimbabweans,1
ZWE,Zimbabwe,name,zimbabwe,1
