term,type,subtype
about,hedge,approximator
almost,hedge,approximator
approximately,hedge,approximator
around,hedge,approximator
broadly,hedge,approximator
essentially,hedge,approximator
fairly,hedge,approximator
generally,hedge,approximator
largely,hedge,approximator
mainly,hedge,approximator
mostly,hedge,approximator
often,hedge,approximator
quite,hedge,approximator
rather,hedge,approximator
relatively,hedge,approximator
roughly,hedge,approximator
sometimes,hedge,approximator
somewhat,hedge,approximator
typical,hedge,approximator
typically,hedge,approximator
usually,hedge,approximator
could,hedge,modal
may,hedge,modal
might,hedge,modal
ought,hedge,modal
should,hedge,modal
would,hedge,modal
appear,hedge,epistemic_verb
argue,hedge,epistemic_verb
assume,hedge,epistemic_verb
claim,hedge,epistemic_verb
doubt,hedge,epistemic_verb
estimate,hedge,epistemic_verb
feel,hedge,epistemic_verb
guess,hedge,epistemic_verb
indicate,hedge,epistemic_verb
postulate,hedge,epistemic_verb
seem,hedge,epistemic_verb
suggest,hedge,epistemic_verb
suppose,hedge,epistemic_verb
suspect,hedge,epistemic_verb
tend,hedge,epistemic_verb
apparent,hedge,epistemic_adjadv
apparently,hedge,epistemic_adjadv
doubtful,hedge,epistemic_adjadv
likely,hedge,epistemic_adjadv
maybe,hedge,epistemic_adjadv
perhaps,hedge,epistemic_adjadv
plausible,hedge,epistemic_adjadv
plausibly,hedge,epistemic_adjadv
possible,hedge,epistemic_adjadv
possibly,hedge,epistemic_adjadv
presumable,hedge,epistemic_adjadv
presumably,hedge,epistemic_adjadv
probable,hedge,epistemic_adjadv
probably,hedge,epistemic_adjadv
uncertain,hedge,epistemic_adjadv
uncertainly,hedge,epistemic_adjadv
unclear,hedge,epistemic_adjadv
unclearly,hedge,epistemic_adjadv
unlikely,hedge,epistemic_adjadv
believe,booster,reporting
demonstrate,booster,reporting
establish,booster,reporting
find,booster,reporting
know,booster,reporting
prove,booster,reporting
realize,booster,reporting
show,booster,reporting
think,booster,reporting
actually,booster,emphatic
always,booster,emphatic
certain,booster,emphatic
certainly,booster,emphatic
clear,booster,emphatic
clearly,booster,emphatic
conclusively,booster,emphatic
decidedly,booster,emphatic
definite,booster,emphatic
definitely,booster,emphatic
doubtless,booster,emphatic
evident,booster,emphatic
evidently,booster,emphatic
incontestable,booster,emphatic
incontestably,booster,emphatic
incontrovertible,booster,emphatic
incontrovertibly,booster,emphatic
indeed,booster,emphatic
indisputable,booster,emphatic
indisputably,booster,emphatic
must,booster,emphatic
never,booster,emphatic
obvious,booster,emphatic
obviously,booster,emphatic
really,booster,emphatic
sure,booster,emphatic
surely,booster,emphatic
true,booster,emphatic
truly,booster,emphatic
undeniable,booster,emphatic
undeniably,booster,emphatic
undisputedly,booster,emphatic
undoubtedly,booster,emphatic
