term,note
analyse,
analyze,
examine,
investigate,
explore,
study,
measure,
assess,
evaluate,
test,
estimate,
calculate,
compute,
collect,
gather,
obtain,
sample,
survey,
interview,
administer,ambiguous: can be a government action
conduct,
perform,
undertake,
employ,
use,
utilize,
utilise,
base,
derive,
compare,
contrast,
classify,
categorize,
categorise,
code,
score,
rate,
rank,
weight,
aggregate,
model,
fit,
control,ambiguous: can be a political action
adjust,
match,
select,
recruit,
include,
exclude,
define,
operationalize,
operationalise,
validate,
replicate,
review,ambiguous: courts review
describe,
present,
report,
discuss,
summarize,
summarise,
outline,
organize,ambiguous
structure,
divide,
group,
illustrate,
demonstrate,
show,
find,
observe,
note,
identify,
propose,
develop,
construct,
design,
draw,
